value,count
EBGDAE,226821
GDAE,42538
D#A#F#C#G#D#,27245
EBGDAD,22829
DAFCGC,20481
DAFCGD,16670
CCCCCC,10174
D#A#F#C#G#C#,9138
EBGDAEB,8467
C#G#EBF#B,7944
GDAD,6220
F#C#G#D#,5591
CGD#A#FC,5406
GDAEB,5341
C#G#EBF#C#,4736
BF#DAEB,4086
FCGC,3960
CGD#A#FA#,3401
FCGD,3218
F#C#G#C#,2039
BF#DAEA,1945
EBGDAEA,1528
EBF#B,1428
CGDAEB,1406
D#A#FC,1207
D#A#F#C#G#D#A#,1132
DAFCGDA,1045
EBF#C#,885
FCGDA,884
F#C#G#D#A#,874
DAEB,786
A#FC#G#D#A#,696
EBGDAEC,664
D#A#F#C#G#D#G#,594
D#A#FA#,504
GDAEA,439
EADG,427
ADGC,412
A#FC#G#D#G#,366
AECGDA,347
ECGCGC,344
DAEA,317
DAFCGDG,294
DBGDGD,285
FCG#D#A#F,277
DAF#DAD,226
EBGDAC,215
DAGDAD,210
EBF#C#G#,210
CGDA,176
EBGDADA,169
DAFCGA,164
EBGD,160
AECGDG,151
BGDAEB,144
EBGDAB,141
DAEDAEA,140
DBGDAD,137
EBG#EBE,130
EBGDAA,123
F#C#G#D#G#,105
G#D#BF#C#G#,102
G#D#A#FC,96
A#F#C#G#D#A#F,89
BGDAEA,88
EBF#DAEA,86
C#G#D#A#,86
DBGDG,85
F#C#G#C#A#,83
AECG,82
F#C#AEBF#,81
FCG#D#A#D#,79
C#G#EBF#C#G#,78
FCGCA,78
BGDAEBE,78
EBGDGD,76
FCG#D#A#FA#,75
D#A#FCG,73
A#FC#G#D#A#F,72
D#A#F#C#G#A#,71
GDAC,70
EBGBF#B,69
BGDAEBF#,69
FCGCG,68
F#C#G#C#G#,66
BF#C#G#D#A#,66
GDADA,65
D#A#FD#A#FG#,65
EBGDAD#,65
G#D#A#F,63
EBGDAEE,62
D#BF#BF#B,58
D#A#FD#A#FA#,57
CCG#D#A#F,57
GDA#FCG,56
DBGDAE,55
BF#EBEBE,55
DDADAD,54
G#D#A#FA#,51
CGDB,50
CGD#A#FCF,49
CGDAEA,47
D#A#FC#G#D#G#,47
C#G#FC#G#C#,46
GCGC,46
F#C#AEBF#B,46
GDADB,45
EBGDAC#,43
EBGDGC,43
GDAD#,43
DBGDGC,43
EBGDAEG,42
CGD#A#FCG,42
EBF#EBEB,42
EBGDA,42
FCGDG,41
AEBF#B,40
C#G#EBF#C#F#,39
C#G#D#A#F,39
GDA#FCF,39
C#G#D#C#G#D#G#,38
EAFDAD,38
C#G#EBF#G#,37
EC#AEAE,37
DAFDAD,36
DAFCGCG,35
C#G#F#C#G#C#,35
F#C#AEBE,35
DAFCGA#,34
BF#DAEBF#,34
EBGDGE,34
GDAC#,34
BG#EBF#B,32
FCG#D#A#FC,32
A#FCGDA,32
C#A#F#C#G#C#,31
AECGDAE,31
GDAB,30
EBF#DAE,30
BF#DAEBE,30
G#EBF#B,30
DAFGDA,29
BF#DAEAE,29
EBGDADB,29
AEBGDAE,29
EAGDAD,28
F#DAEA,28
EBGEBE,27
ECGCGCG,27
CGDG,27
EBGDAF,26
AFCGC,26
DAFCGG,26
CGD#A#FA#F,24
EBGDAED,24
C#G#EBF#BF#,24
FBGDAE,23
A#F#C#G#C#G#,23
DA#GDGD,23
GD#A#FA#,23
CGDAE,23
CAFCGC,22
D#CGCGC,22
FCGA,22
CBGDAE,22
CCCCCCC,22
ECGDAE,22
EBGDAA#,22
GDGC,21
D#A#F#C#G#C#G#,21
C#G#D#G#,21
C#C#G#C#G#C#,21
DAEBF#,20
CGECGC,20
EAGDAE,20
D#A#F#C#G#D#C,20
EBGEAE,20
FCGDAE,20
A#F#C#G#D#A#,20
EBGDAG,19
F#DAEB,19
EBEEBE,19
G#D#A#D#,19
F#C#G#EBF#B,19
CGFCGC,19
GDAA,18
CG#EBF#C#,18
BGDADA,18
ECGCAF,18
D#A#F#C#G#C#A#,18
EBF#F#,18
AFCGDA,18
EBADAD,18
EDADAD,18
DAGDGC,18
C#G#EBF#F#,18
C#G#EBEA,17
F#C#G#EBF#C#,17
C#A#F#C#F#C#,17
EBGCGC,17
GDAEBF#,17
GD#A#FC,17
D#A#F#D#A#FA#,16
DBF#DAD,16
CG#D#A#FCF,16
D#A#F#C#G#G#,16
EBGDADD,16
GDAEA#,16
CGD#A#DG,16
FCGCCC,16
DAFCGDC,15
C#G#EBF#A,15
AEBF#C#,15
A#FCGC,14
A#A#FA#FA#,14
ABGDAE,14
BA#F#C#G#C#,14
CGD#A#FA#G,14
F#BGDAE,14
DAGDGD,14
DBGDBG,14
EBF#BG#,14
EBF#BF#,14
DAECGDG,14
FCFCAF,13
AAAAAAA,13
EBGDAEA#,13
GDGD,13
D#A#FCF,13
EBF#C#F#,13
EAF#DAEA,13
C#G#EBF#A#,13
D#G#F#C#G#D#,13
DBGDGG,13
D#BF#BG#E,13
DA#FA#FA#,13
GCGCG,12
ADAE,12
EAF#DAD,12
DAFCGCA,12
AEBF#,12
BBGDAD,12
C#G#D#C,12
EBF#C#A#,12
A#F#C#G#D#G#,12
GDAEC,12
EBGDAF#,12
GCGDAE,12
CGD#A#FG,12
C#AEBF#B,11
F#EBEBE,11
EBF#DAD,11
DADA,11
DBGCG,11
FCGD#A#FC,11
EGGCGC,11
D#BGBAE,11
D#A#F#C#G#D,11
AF#EAEA,11
AG#DAEBE,11
C#F#F#C#F#C#,10
G#D#BF#C#F#,10
D#BF#BF#BF#,10
EBGDAEF,10
EBGDEB,10
DADDAD,10
DCGCGC,10
BGDAE,10
FCGCB,10
EBF#BF#B,10
BBGDAE,10
DAGDAE,10
ECGCAC,10
G#BGDAE,9
DFFECFC,9
DDDDDDD,9
F#C#AEBF#C#,9
F#C#G#A#,9
CAFCFC,9
BF#DBF#B,9
EBF#C#G#D#,9
EBGDAEG#,9
F#C#G#D#B,9
AFCGDAE,9
AFCGDG,9
F#C#F#C#F#C#,9
CG#D#A#FA#,9
EBGAEA,9
D#A#GD#A#D#,9
C#C#F#C#G#C#,9
FCFCFC,8
C#GD#A#FC,8
AF#DAEB,8
CGDAEBF,8
ADAD,8
D#A#GC#G#D#,8
CGDADB,8
DG#FCGC,8
D#A#FCGD,8
DBGCGD,8
A#F#C#A#D#G#,8
D#A#F#C#G#D#F,8
AEBF#C#G#,8
DAEDAD,8
EGDA,8
DAFC,8
DGGDGD,8
D#A#FA#G,8
ECGDAD,8
EAEDAE,8
AEAEAE,8
BF#C#G#,8
D#A#F#C#G#D#F#,8
C#G#F#C#F#C#,7
EG#EBEBE,7
BG#EBEB,7
BAEBF#B,7
D#A#FC#G#D#,7
GDAEBE,7
GDAED,7
GEADGC,7
D#A#F#C#,7
D#A#FA#F,7
BF#C#G#C#,7
C#C#GDAE,7
FC#G#D#G#,7
FBGDAEB,7
GDAEG,7
FCGDAEB,7
D#CGDAE,7
EBGD#AE,7
FCGDAD,7
C#A#F#C#F#,7
CGDAEC,7
EBG#DAE,7
G#D#BF#C#G#D#,7
EBF#G#,7
D#A#FA#G#,7
DAFDGD,7
FC#AFC#A,7
C#G#FCGC,7
D#A#FC#G#D#A#,7
FCG#D#A#F#,7
EC#AEAA,7
EBEBF#B,7
EBGDAEF#,7
G#D#BF#C#G#C#,7
GBGDAE,7
D#A#FC#G#D#F,6
CGD#A#FB,6
EBGDAG#,6
C#AEBF#C#,6
C#AF#C#F#C#,6
A#GEC#A#G,6
CGDAEG,6
FG#G#C#G#C#,6
EAG#EAD,6
ECGEC,6
DAEBE,6
AECGDAD,6
CGD#G#D#G#,6
DDDDDD,6
EA#F#C#G#C#,6
ECGDAA,6
CCG#D#A#F#,6
DA#GDGC,6
F#C#G#D#A#F,6
F#BF#B,6
CGDAEF,6
DA#FCGC,6
DCGDDC,6
EGAA,6
EAECG,6
GECGECG,6
BF#C#G#D#,6
BBBBEE,6
EBFCGC,6
C#A#F#C#G#D#,6
CGD#A#FG#,6
CG#EBF#B,6
BGDADBE,6
DAF#DAE,6
FD#A#FA#,6
DAEBF#B,6
DCGCGD,6
G#D#C#G#D#G#,6
DAGDCE,6
D#A#FC#G#C#,6
FCGDB,6
D#A#F#C#G#D#G#G#,5
AFCGD,5
EC#AEAD,5
D#C#BAGF,5
C#G#C#G#C#G#,5
D#A#FD#A#FF,5
EBF#BA#,5
EBGA#FA#,5
D#C#G#D#G#,5
C#C#FC#G#C#,5
EDAEAF#,5
DAADAD,5
G#D#A#FCF,5
A#FC#G#D#G#D#,5
EBF#C#G,5
ECGCAE,5
FCGB,5
BBF#BF#B,5
DAEAE,5
A#FC#G#D#A#D#,5
A#FCF,5
EBDAEA,5
EBF#C#B,5
BGDADB,5
EBEC#AE,5
EBF#DAEB,5
CG#F#C#G#D#,5
CAFCAF,5
FDA#FA#F,5
BGDAEAF#,5
FC#G#C#G#C#,5
CGEBF#B,5
GDAFCGD,5
FC#G#C#,5
EBGDAED#,5
FCG#D#,5
F#C#F#C#A#,5
AAAAAA,5
BG#EBF#F#,5
D#A#F#C#A#D#,5
A#FC#G#D#F,5
EEGDAE,5
FBGDAD,5
D#G#C#F#,5
CCGCGC,4
C#G#EBF#BG#,4
DAFCGDD,4
D#A#FC#G#D,4
EBGDABB,4
D#A#F#C#A#F,4
G#D#A#FCG,4
BBGDGG,4
DAEDAE,4
DAFCGDE,4
D#A#F#C#F#C#,4
BF#EBF#B,4
GCGCB,4
EBF#BEBE,4
DA#F#C#G#D#,4
C#G#EC#G#C#,4
EBEBAE,4
DBGDGE,4
EBGCGE,4
CG#FCGC,4
EBGD#A#D#,4
DA#GDGF,4
A#FCG,4
DAFCG,4
D#A#F#C#G#D#D#,4
GDAEAE,4
DAFAEA,4
CFCFCFA,4
C#G#EBG#B,4
AFCGDAD,4
C#G#D#A#FC,4
BBBBBB,4
EGD#A#FA#,4
GDAEBG,4
DAECGDA,4
D#G#D#C#G#C#,4
GCGCGC,4
D#A#FB,4
BEBGDAE,4
EC#G#DAE,4
EAGFCGC,4
DADAEA,4
A#F#C#G#D#,4
F#C#F#C#,4
EEBGDAE,4
DG#EC#F#C#G#,4
D#CG#D#G#C#,4
EBADGC,4
EBGDEE,4
DAGCGC,4
GDAG#,4
EBGDFC,4
D#A#F#C#FA#,4
DGECGC,4
D#BGDAE,4
BGDAD,4
CGCGCG,4
EBGCFC,4
G#C#G#C#,4
DAFCGB,4
CA#FCGC,4
CCGDAE,4
C#GD#A#FA#,4
BF#D#BF#B,4
BGDAEAC#,4
FCG#C#G#C#,4
C#AFA#FC,4
EEEEEE,4
FDA#FC#F,4
ECFCGC,4
CGCCGC,4
EBGC#G#C#,4
DAFCGCC,4
G#EBF#C#,4
D#A#F#C#G#C,4
EBG#C#AE,4
AG#GF#FE,4
DCGDAE,4
CCCC,4
EDCBAG,4
BF#C#G#D#G#,4
G#C#F#B,4
A#FD#A#FA#F,4
DAF#DA,4
EBF#EBE,4
DA#GCGC,4
BF#EAEB,4
A#FCGD,4
DBGDED,4
EBGDFA#,4
GDAEE,3
F#D#A#FA#,3
ECECGC,3
C#BGDAE,3
FD#A#FG#,3
F#F#F#F#F#F#,3
F#C#G#E,3
EBGDG#E,3
GDF#B,3
BG#EBD#A#,3
GDAFCGC,3
G#EBF#C#G#,3
GDA#FCGD,3
EBEDAE,3
EBBBEE,3
EBGDF#C#F#,3
ECGC,3
AEAE,3
C#G#EBF#C,3
A#BGDAE,3
EBEBG#E,3
D#BGDA#FC,3
BG#DAEB,3
F#CGC,3
A#A#F#C#G#D#,3
G#D#G#F,3
GDAA#,3
GDAG,3
CGD#A#FA#G#,3
AAFCGD,3
DAADAE,3
A#AD#A#FCF,3
CGDAEA#,3
BF#C#F#,3
C#F#EBF#B,3
FBA#EAE,3
BGEBEB,3
F#EDCA#G#,3
BG#DAEA,3
EC#AEA,3
BGDAEBC#,3
C#G#D#A#FCG,3
FCGG,3
EBGDDD,3
EBF#C#G#C#,3
EBGDGF,3
F#C#G#D#F,3
FDBG#FD,3
GF#FED#D,3
CGD#A#FFD#,3
G#D#BF#BF#,3
C#G#G#C#G#C#,3
EBF#EEA,3
GGD#A#D#D,3
A#F#C#G#D#G#D#,3
EBGDDB,3
C#G#EBFB,3
EBGDCE,3
C#GEBF#B,3
EADGC,3
GDAEBF#C#,3
DAFCFA#,3
D#A#F#C#G#C#C#,3
EBGDADE,3
DAFBF#B,3
CGDA#FCF,3
D#G#F#C#G#C#,3
EBGDACC,3
A#F#C#G#C#F#,3
F#C#G#C,3
EGGDAE,3
GC#G#C#,3
C#G#D#A#D#,3
FCG#D#G#F,3
GGD#A#D#D#,3
EBGA#FC,3
D#BGD#BG,3
A#F#C#G#C#,3
EBGCAE,3
C#A#F#C#F#B,3
F#DADAD,3
FCGC#,3
DCGDGD,3
EBDAEB,3
AECGAE,3
D#A#G#C#G#C#,3
D#D#G#D#A#D#,3
EBAEAE,3
C#BG#C#G#C#,3
A#FD#A#FA#,3
FAFCGD,3
FA#FA#,3
C#A#F#C#A#A#,3
F#FED#DC#,3
CAGDAD,3
A#EA#EA#EA#,3
GAEA,3
AGDAEA,3
DAFCGC#,3
EBGDACF,3
D#A#FCGC,3
GDGE,3
C#C#C#C#,3
EAFCGDA,3
CGEBEB,3
DA#FD#GC,3
EBGDG#C#,3
C#G#D#C#G#D#F#,3
A#FC#G#D#A#E,3
D#A#F#C#G#E,3
C#G#C#C#G#C#,3
D#BF#DAEA,3
D#A#G#D#G#D#,3
CGFCAF,3
C#G#F#C#G#A#,3
BAGE,3
F#DAD,3
EBGDF#B,3
EBEBEBE,3
EAEAAA,3
CAF#D#CA,3
EBGDBD,3
FCGA#,3
DAFCGCB,3
DAGDADB,3
C#C#BEBF#,3
EBGDAD#D#,3
EC#ADAD,3
EBADAA,2
EAGCAE,2
EBDAD,2
BF#DAEBC,2
EEEDAE,2
GDD#A#,2
BG#DF#,2
A#FC#G#D#A#D,2
CF#DA#EB,2
D#BF#BF#BB,2
EBGC#AD,2
C#C#C#C#G#C#,2
DDGDAD,2
ECFDAD,2
EBGCCC,2
DCADAD,2
EBGDADC,2
EAD#DAE,2
C#G#EBF#C#C#,2
CGD#AEA,2
FA#D#G#,2
F#C#G#EA#,2
F#C#G#D#A,2
DAFCFD,2
G#D#A#FG#,2
BF#DADB,2
BEADGC,2
G#D#A#F#,2
EAAAEA,2
CGDAD,2
D#CG#D#CG#,2
C#G#D#A#FA#,2
D#A#GDAE,2
DAEBF#C#G#,2
C#C#C#C#C#C#,2
D#A#F#A#FA#,2
EADGBE,2
F#C#G#D,2
FCA#FD#G,2
G#GF#FED#,2
GD#A#FCG,2
AG#AEBE,2
F#EGDDD,2
EBGDF#E,2
BF#DADA,2
EG#F#C#AF#,2
CCFCFAC,2
EBGDAEC#,2
C#G#EB,2
EBD#A#FC,2
CECGCC,2
DD#EFF#G,2
DBGDAG,2
GDAEBF,2
DAFCGE,2
D#BF#D#BE,2
G#BD#GBD#,2
G#D#C#G#C#G#,2
BEAD,2
CGDAEG#,2
F#C#AEBD,2
DGGDGG,2
DA#GDGD#,2
EBGDEA,2
FCGDA#FC,2
F#C#G#D#C,2
EBF#A,2
EBGDBB,2
D#A#G#D#A#D#,2
ECFCAF,2
EGDAEB,2
A#FBCB,2
DAFA#FD,2
EBGDB,2
BF#DAEA#,2
EA#FCG,2
DGD#A#FC,2
D#A#EBG#B,2
FCGDC,2
BF#EBEBB,2
EBGDED,2
GGDDGG,2
GBGDAEB,2
DA#FDADA,2
EBEEG#E,2
EBGDD#B,2
BGGDAE,2
DCEDAD,2
GFD#C#BA,2
C#C#G#C#G#A#,2
BFBFBFB,2
FCG#DAE,2
C#BF#EG#C#,2
EAEBF#C#,2
DAFCAD,2
ECGCFA#,2
AEBFC,2
EG#EBF#B,2
BFC#BG#C#,2
D#A#F#C#A#F#,2
DAFDA,2
C#BF#C#G#C#,2
GDBB,2
F#BGDGD,2
AGFCGCF,2
EAGEAD,2
EADGEA,2
BGDAEBF,2
D#A#F#C#AE,2
DAFCFC,2
BGDAAA,2
CGD#A#FF,2
EAFCGC,2
G#EBF#C#G#D#,2
CBGDGD,2
GDEE,2
GDAF#,2
CGCGCGC,2
EBGCAC,2
GDA#D#,2
CA#FA#FA#,2
A#BGDAA#,2
A#F#D#A#FA#F,2
A#FCGDG,2
F#C#G#C#B,2
DAEBF#C#,2
GEC#A#GE,2
CGDABB,2
EBGDDCB,2
D#A#F#D#G#F,2
AGDAGC,2
DBF#BF#B,2
CGDAEF#,2
CGDA#FA#F,2
GDFA#,2
CGDA#FC,2
EBGG#D#G#,2
EDGCGC,2
AFDAEA,2
C#BF#BF#B,2
A#A#A#A#A#A#,2
G#FCFG#D#,2
C#C#F#C#G#D#,2
EBGDDAA,2
A#FC#G#D#A,2
CBGDGC,2
BEBGDAC,2
C#G#EA#FA#,2
FC#G#D#A#,2
CGD#A#FA#D#,2
DCGDAD,2
D#AF#C#G#D#,2
D#GD#A#D#A#D#,2
DGD#A#FA#,2
DAFCGCF,2
BGCGCG,2
DCFDA#F,2
GDCGDD,2
D#AFD#A#FG#,2
DC#CBA#A,2
D#A#F#D#G#C#,2
D#FC#G#D#A#D#,2
DCGDAA,2
CGD#A#FE,2
AAADGC,2
GDGCG,2
BGDAEAE,2
ECGDA,2
CGGDAE,2
D#A#F#D#A#FG#,2
F#D#A#C#,2
EAFCAF,2
DDDDDB,2
EA#FC#G#D#G#,2
GD#BGD#B,2
BBGDAEC,2
ECGCAFA,2
EBG#B,2
ECFEAD,2
ADADAD,2
AAGGF#F#,2
CGDAEE,2
AEBE,2
D#CG#D#G#D#,2
EBADAE,2
D#CG#D#A#D#,2
FBF#B,2
EBF#EG#C#,2
A#A#GFA#G,2
GDACC,2
ED#BF#C#E,2
EBEBE,2
DA#FDAD,2
DAFCGDA#,2
F#BF#C#F#B,2
DDAE,2
EEAEAD,2
CBGDAEB,2
D#A#F#C#F#D#,2
D#A#G#C#G#D#,2
C#BF#B,2
C#AEC#AE,2
FBGC,2
GBF#B,2
EDF#DBF#,2
DG#FCGD,2
EAGEAA,2
DAGDGB,2
EBGC#G#E,2
CGFCGD,2
EBGCAD,2
DGCF,2
DGDAEB,2
ECGCG,2
AFC#G#D#A#F,2
CGD#A#FA#A#,2
D#G#FC#G#D#,2
CGD#A#G#D#F,2
FAF#C#G#C#G#,2
A#F#C#G#D#A#D#,2
CGACAC,2
F#BF#BF#,2
DG#EBF#B,2
AFCG#D#A#D#,2
EBAE,2
GDEB,2
D#A#G#D#G#C#,2
A#AFCGC,2
A#DF#A#DF#A#,2
GDA#FA#,2
DA#FDGC,2
A#GD#A#D#A#,2
C#G#EBF#G,2
F#C#A#D#,2
EBEBEB,2
AEBEB,2
BA#D#AEBE,2
DAGDG,2
D#D#D#D#D#D#D#,2
FCCFCF,2
ECGDG,2
FGDA,2
GCAE,2
BEF#F#F#F#,2
D#A#FCA#,2
EAEADGC,2
EBCGDAD,2
A#F#DA#F#D,2
AG#EBF#B,2
DBGDGB,2
DAGDBE,2
EBG#C#AF#,2
CG#D#A#FCG,2
BGDAA,2
CGFCFA,2
AF#DAEA,2
FCGDFC,2
F#C#G#B,2
AAD#A#FF,2
G#DAD#AD#,2
GEDBAG,2
ECGDAF,2
DGDAE,2
G#EBF#C#AC#,2
F#C#AE,2
DBF#DBF#,2
EBGDCGC,2
EBGDA#E,2
DBDDGF#,2
CGD#A#FD,2
DAF#EAD,2
DAFA#FA#,2
CGDA#,2
D#GD#CGC,2
D#AEB,2
C#G#EAEA,2
DAEA#,2
D#A#F#D#G#D#,2
FA#GC#G#D#,2
G#D#A#FCB,2
D#A#F#C#G#B,2
BGDAED,1
ABF#C#,1
A#FD#A#D#A#,1
CECECC,1
EBEDBE,1
C#G#EAF#B,1
EBGEBG,1
AAEEAA,1
BBGDAEE,1
C#BF#DAD,1
C#CG#C#G#C#,1
FCG#D#A#FC#,1
F#DAEBF#,1
GEBF#B,1
G#D#BF#,1
DADCGC,1
EBEEEE,1
F#C#F#BF#C#,1
GA#F#C#G#D#,1
GGGDAE,1
BF#C#G#D#A#F,1
FA#C#CG#F,1
F#D#G#D#,1
CGEDAD,1
CCGDAD,1
EBF#GAE,1
DBF#B,1
D#DC#CBA#,1
FCG#EBF#B,1
FED#DC#C,1
EBFDAEB,1
EBGAGD,1
BGDAEBB,1
F#DEBF#B,1
AGFD#C#B,1
CGDGC,1
CCCCFF,1
AC#D#EAF#,1
AEBF#G#,1
FDGD,1
F#BF#DAE,1
C#G#EBBC#,1
DA#FA#FC,1
EBGDGCG,1
DBF#DG#G#,1
EADDDD,1
DBFCGDA,1
DBGDD,1
EBGDABA#,1
AECGC,1
EBGEA#F,1
EBGDA#D#,1
GEBEB,1
BGDAB,1
GDDD,1
DECF#C#F#,1
F#C#GDAE,1
CAGCGD,1
EBGDGF#F,1
ABGDABB,1
EBGBDG,1
DBGCGE,1
FCGECF,1
DDBDAEA,1
EBFA#AE,1
EBGC#AA,1
EBGBG#E,1
EBGEAF,1
AEDADAD,1
ADGB,1
D#A#FD#GD#,1
FA#FA#A#,1
BEBEB,1
ADGE,1
FBAEAE,1
CGD#A#GE,1
D#G#ED#G#C#,1
EBGGAF,1
A#F#G#C#A#,1
D#BGDGC,1
C#BEDAD,1
GFCGC,1
GCAC,1
EBGDF#CB,1
FDGC,1
EBG#EAC#,1
EBGDCC,1
ECGDAEA,1
F#C#F#C#G#C#,1
CAFDAD,1
EBGD#G#C#,1
F#D#G#D#A#,1
C#G#F#BF#B,1
DFCGDA,1
D#BGDAF#,1
F#BGEAE,1
GG#AA#BC,1
EBADC#E,1
EBGDADA#,1
EBBDA#C,1
CA#D#CGC,1
EBAEBE,1
EAEAEAC,1
EBGDDG,1
EBGAEB,1
A#A#GDFF,1
DBF#DBD,1
EADF,1
F#C#G#D#F#,1
GCGDA,1
F#DADB,1
EADD,1
C#BG#EBE,1
F#A#F#C#G#D#A#,1
EEEBBB,1
C#G#EBF#BB,1
G#D#BF#C#G#C,1
ABGDAD,1
FBF#E,1
FD#A#FA#F,1
DD#BF#C#G#D#,1
DAFC#GD,1
A#F#C#G#D#A#D,1
G#D#G#C#G#D#G#,1
EA#FBFB,1
EBGDGCA,1
DBEDGD,1
G#EBFB,1
EBGDCG,1
CCGEGC,1
D#C#G#D#F#,1
D#D#A#F#C#G#D#,1
DAEAC#,1
AEBGDA,1
AAAACF#,1
CF#D#A#FA#,1
BF#DABB,1
EEEEEEE,1
A#BGDAD,1
D#A#GC#G#C#,1
CGECG,1
D#A#F#C#A#D#A#,1
D#F#C#G#D#A#,1
CGCFCF,1
F#D#G#C#,1
CF#CF#CF#C,1
EBDB,1
ACGD,1
DG#ECGD,1
A#G#D#C#,1
EBED#A#E,1
A#F#DAEA,1
D#GGCG#C,1
D#A#F#C#GC,1
AF#D#CAF#,1
DGGDAE,1
F#C#AEBF#C,1
DCGDCC,1
G#G#G#G#G#G#,1
DAF#ADD,1
GCGD,1
CG#D#A#FC,1
EBF#G,1
EBG#BEB,1
EC#F#DAD,1
EAGDGD,1
ECGDBE,1
A#F#C#G#D#G#C#,1
F#C#FA#,1
C#A#EBF#C#,1
C#G#F#C#F#A#,1
BF#DADAE,1
EBGDFF,1
D#C#A#C#A#F#,1
EA#F#DAE,1
FEAA,1
GF#DAEB,1
D#A#G#C#G#D#A#,1
C#BAC#AC#,1
DAFCG#C#,1
BF#DA,1
GDBE,1
DAFCGDF,1
EC#G#C#G#C#,1
DDDDAD,1
C#BEC#F#E,1
FCFCAD,1
EAGCA#F,1
EBGDAAD,1
BG#C#F#BE,1
FC#G#D#A#F,1
AEBGDGE,1
CCCCCE,1
DA#FA#,1
FCFDAD,1
C#GEBF#C#,1
BF#DBDB,1
A#F#C#G#D#G#F,1
EDFA#C#B,1
EBDF#BE,1
EAF#DAE,1
CGDAFC,1
CG#D#A#,1
FAFDAEB,1
D#A#FC#A#D#,1
FEGDAE,1
EBGC#EA,1
FA#FCA#C,1
EA#F#B,1
EBF#C#G#D#A#,1
FCG#D#CC,1
DA#GDG,1
DAEGE,1
ECGDCF,1
CFCFFCC,1
DF#DAEA,1
CGD#A#D#A#,1
BGA#EA#D,1
G#D#A#C#,1
CAFC,1
A#FCGA,1
DG#GCGC#,1
CFGG,1
EBGDEC,1
D#CGDAD,1
EBGDF#D#,1
FCG#D#BF,1
F#GDAEA,1
A#D#D#C#,1
CGECGEC,1
FBFBFBF,1
D#A#G#D#G#G#,1
GDF#C#,1
EBGDGG,1
G#D#GDAEB,1
FDAD,1
A#F#C#G#D#A#C#,1
GDAED#,1
A#CG#D#A#FA#,1
F#EGDAE,1
EBADAB,1
A#D#ADGCF,1
D#A#FD#G#F,1
BF#CAEB,1
EDABGE,1
EBGDA#F#,1
C#C#EBF#B,1
C#G#GBF#C#,1
G#CGC,1
C#DEF#AC#,1
AGECAC,1
D#AFC#G#C#,1
EBGDG#D#D#,1
GDADBE,1
CBECGC,1
CFCFECA,1
BF#DAEE,1
EBGDCCC,1
EBGDAA#F,1
CGD#A#F#A#,1
BF#BF#B,1
C#G#EC#F#B,1
EBGC#F#B,1
AF#GDAEB,1
CFA#D#G#D#,1
EC#F#DF#D,1
CBGDAED,1
F#BF#BF#B,1
CAFCF,1
DAFDGC,1
CCCEEC,1
CGDCGCG,1
CG#FCFC,1
EC#F#EAF#,1
GDCBGE,1
EAD#BD#C,1
CG#D#A#D#,1
BFDAEB,1
F#C#A#F#C#F#,1
BF#C#AEA,1
DGBECC,1
GBGC#,1
D#AFCGC,1
EBG#C#G#C#,1
F#F#EEEE,1
F#BGDGE,1
F#BGDAEB,1
A#F#G#C#,1
DA#FCGD#,1
EAADAD,1
A#AG#GF#F,1
EDAEB,1
EC#A#GEC#A#,1
ACGC,1
D#D#CD#F#A,1
EBF#C#A,1
BF#DACF#D,1
D#BEBF#B,1
GADCAE,1
EDAE,1
CF#DAEA,1
C#AFCGDA,1
F#DAEAF#D,1
EBGD#BE,1
AADDDD,1
EBGDA#C#,1
C#G#EBF#C#B,1
FCFC,1
EAAA,1
EBGDA#EB,1
EAECFD,1
EEEE,1
D#BF#C#G#,1
C#AF#DGE,1
DBG#DBG,1
EBGDG#D,1
FAEC,1
G#FDBG#F,1
AEBDAEC,1
EBGGGC,1
F#BG#E,1
EGDAEA,1
FC#G#C#B,1
F#C#AEAE,1
EAG#C#AC#,1
BF#EAEA,1
D#A#F#C#CC,1
EBEDAEB,1
C#D#AF#D#C#,1
EBFB,1
A#FEGDA,1
GDAEBGD,1
DAFCG#C,1
DBFBFB,1
DC#ADBD,1
ECAEAE,1
G#D#BF#C#E,1
C#AFC#AF,1
DBFCGD,1
EBGC,1
BF#DAFC,1
EA#F#BGCF,1
GCFA#,1
EBG#F#BE,1
BG#EBF#C#,1
EBA#DAE,1
EDBGDB,1
DACGFA,1
DAFDAA#,1
D#G#C#F#BEA,1
BDDE,1
GDADAD,1
DAFBGD,1
FCG#D#A#B,1
EGDCGC,1
DDAAEE,1
AD#A#EA#C#,1
EBGCGD,1
ECGCAD,1
ABF#C#GD#A#,1
GC#G#D#A#,1
CGEAEB,1
AD#AD#AD#A,1
D#A#F#BF#C#,1
F#C#AF#,1
G#GD#A#FC,1
BFDAEBE,1
C#C#G#D#A#F#,1
CGGDFA#,1
BF#EBGCF,1
DBGEBE,1
C#D#DBGGA,1
DBGDA,1
BBEE,1
AD#A#F#C#G#D#,1
D#A#D#C#G#G#,1
DAFCGDB,1
GDBFCGD,1
FCFA#,1
GDGG,1
G#BGDACC,1
BC#D#FGA,1
BBEBF#C#,1
DDGDAEB,1
DAGEAD,1
F#DAEBF#C#,1
F#DA#F#DA#,1
ADADGC,1
GCAF,1
D#G#AEB,1
FCGCA#,1
D#CGCGB,1
DBGD,1
DAFBF#D,1
EAAEAD,1
CA#G#F#ED,1
GCFC,1
CFGCFC,1
D#BG#D#G#E,1
D#G#FC#G#C#,1
A#FC#G#C#G#,1
EF#C#DAE,1
EFDAEB,1
DDGDAE,1
F#AEBF#B,1
G#D#A#F#C#G#D#,1
BF#DAD#A,1
C#A#GEC#A#,1
FCAE,1
EBGEGC,1
CBGDAD,1
BAGF#EG,1
BBGDACA,1
EBGGDG,1
D#G#EBF#C#,1
AG#DBEBE,1
DA#FA,1
D#A#FCB,1
C#C#FC#G#A#,1
CGDAF,1
FA#F#C#G#C#,1
DAFCD#CG,1
EABEAD,1
BF#C#G#C#A#,1
DAF#B,1
EBEDAD,1
CGDAED#,1
EDGDAD,1
CGEC,1
AFCGDAF,1
AEBF#C#F#,1
CA#GCGC,1
DCA#AGF,1
FCAD,1
EBADGD,1
CFD#A#FA#,1
EGGCAE,1
F#C#F#B,1
FCGDG#,1
EBDGDF,1
GDAFB,1
C#AGDAD,1
A#D#A#F#C#G#D#,1
F#BEA,1
EBCCCCC,1
GDAFC,1
F#G#EBCEA#,1
DAAE,1
BF#DAEBF,1
DACCF#F#D,1
A#FCFC,1
GDAEG#,1
EAD#G#C#D,1
D#BDG,1
A#FC#G#,1
CCGECG,1
DBG#FDB,1
EG#GEAE,1
C#A#EBF#B,1
C#G#F#BF#C#,1
CDFECFC,1
EBGDAAA#,1
EBGDACB,1
CGCF,1
GDCGCGC,1
C#G#D#A#DA#B,1
C#BGC#AE,1
AD#AD#,1
DAGCGD,1
ABGDAEB,1
DCFD#D#A#,1
AFCG,1
G#D#G#C#,1
DBADBE,1
EBGDGB,1
C#G#FBF#C#,1
CGFC,1
A#D#G#C#,1
DAEBC#,1
C#G#EBF#C#D#,1
CGDBAE,1
FCAC,1
DCGDGC,1
BF#DAED#,1
EBGDAFD,1
BF#DADA#,1
GDFECFC,1
EAF#EAD,1
DGFCGD,1
F#DADF#,1
GDA#D#A#,1
D#C#GDAE,1
CFA#D#,1
EBGC#AC#,1
BF#DAEC#,1
C#G#D#BF#C#,1
DFFECFF,1
D#BF#BG#B,1
D#AGDAE,1
EA#F#C#G#D#G#,1
EBGAAE,1
DAF#DF#,1
A#G#F#EDC,1
FBF#BF#D#,1
DEGDGE,1
C#G#D#G#F,1
CGF#B,1
CGDADA,1
EBGC#C#C#,1
DCGEGC,1
EBGGAE,1
F#D#A#FG#,1
F#GCC#DAD,1
CBGCAE,1
EBGCDG,1
EGGDAD,1
DCGCGE,1
EADGCF,1
AAGDAD,1
EBGBF#C#,1
EG#EDAE,1
AEGC,1
G#D#A#FCGD,1
A#GDA,1
EBG#EAE,1
GDGCF,1
DAFCAC,1
A#A#A#A#AE,1
BG#F#EG#C#,1
G#C#G#D#A#,1
DCFD#D#C,1
A#A#FD#GC,1
AGBEAC,1
CGEGECC,1
DBECGC,1
D#C#G#C#G#C#,1
D#A#F#A#,1
D#D#D#D#A#D#,1
D#A#F#C#G#C#B,1
EC#ADAE,1
EAEAEA,1
EBGDD#C,1
EBF#EAD,1
D#CAF#D#C,1
CA#FD#GC,1
GDA#EA#,1
EG#EC#G#C#,1
F#BG#DBB,1
EBGDF#C#,1
FCGFB,1
C#F#G#C#G#,1
F#DGDAD,1
EBGDCCC#,1
EAAEEA,1
DAF#EBG,1
A#FCGCA,1
EBF#BBE,1
EBF#EAE,1
CBGCGC,1
EBGF#BG,1
GA#F#C#GD#,1
BFDAEA,1
D#A#FG,1
CCG#D#A#FC,1
EBF#AEB,1
C#G#G#C#F#B,1
EBGGDA,1
FCGC#A,1
G#D#BF#C#G#B,1
EBECAE,1
C#F#FC#G#C#,1
EBGDG#D#,1
CCG#D#A#D#,1
EBGDBE,1
BG#FDBG#,1
ADGDAEB,1
BG#D#A#EB,1
EAGDAF,1
CGD#A#A#A#A#,1
C#G#EBF#C#A,1
DCGDDCD,1
EBD#CGE,1
BBEBF#B,1
C#C#G#EBF#B,1
FFCCFC,1
F#C#G#D#BD#,1
BGDAEBG,1
C#A#FC,1
EC#GDAE,1
GDAEC#,1
C#AEDAD,1
EBGAAA,1
A#FFDA#C,1
C#G#EBF#C#C,1
A#FC#G#D#G,1
D#A#F#C#F#B,1
CA#D#C#G#C#,1
EDCA#G#F#,1
EC#G#C#A#F#,1
C#C#G#EBF#C#,1
EBF#A#,1
EBCGDA,1
CGDA#FA#,1
D#A#F#B,1
CGDAED,1
F#C#AEBC,1
D#C#A#D#C#C,1
DCFCA#D#,1
CBF#DAE,1
AD#BF#C#G#D#,1
EBGDAAC,1
EBGDG#G#,1
AFGC,1
AECADA,1
FD#C#BAG,1
DBFCGC,1
A#GD#A#GD#,1
FBGDBEB,1
EG#BFCG,1
BF#C#G#A#,1
C#G#EC#F#C#,1
DGGDAD,1
FCGCC,1
C#G#EBGB,1
DAFCBDA,1
DBGEGC,1
DCFCAD,1
GDAC#C#,1
D#A#F#GG#D#,1
BGDGC,1
DA#F#C#G#D#F,1
BFDAAA,1
FCG#C#,1
D#A#F#C#G#,1
EBF#D#BE,1
D#EFF#GG#,1
BGDCGD,1
EEG#DAE,1
FCGDAC,1
EA#EA#EA#E,1
D#BG#C#BE,1
C#G#EC#,1
GDDB,1
D#AGC,1
CBA#AG#G,1
CGD#A#FCC,1
BF#DAEF#,1
F#C#G#D#C#,1
CGD#A#FA,1
C#BFC#AC#,1
EAFCGA,1
D#A#F#DAE,1
GDA#FCGC,1
C#C#C#C#C#A#,1
BDGDGC,1
CFCFFCA,1
DBF#DF#B,1
EEBGDAD,1
F#BF#DGE,1
C#CBA#AG#,1
D#C#D#A#FC,1
CECGDE,1
BBGDAEB,1
EBGDDAE,1
GA#C#EGA#,1
BF#BBF#B,1
BGFCF#B,1
EBF#C,1
BF#D#G#EC#,1
GDBF#B,1
C#AEAEA,1
AFCGA#,1
D#G#EAD#G#D#,1
BFEAEA,1
GDBGDG,1
DA#FCF,1
FEDCBA,1
CGD#A#EA#,1
BDAE,1
DBF#DAE,1
EG#F#DAD,1
EAGCFC,1
C#C#EG#C#C#,1
GGGG,1
FCA#FCF,1
F#BGDAEC,1
EBG#C#,1
G#EBG#EB,1
D#A#FCF#,1
C#F#EBFB,1
BF#EB,1
GD#AE,1
ECGDAC,1
BDDAEB,1
GDF#C#F#,1
CCCCG#C,1
A#F#C#G#D#BF,1
DBGDAC#,1
G#F#EDCA#,1
D#AD#AD#AD#,1
GGGGGG,1
EC#EA,1
EBGEAED,1
DCF#DAD,1
ABADAE,1
G#ECG#EC,1
G#D#BDAE,1
D#G#G#C#G#D#,1
GDAEAF#,1
BGD#BGD#,1
CBGCGB,1
GFCGCF,1
AAF#DAA,1
EEGDAD,1
GAEB,1
DGGDGC,1
FG#AC#A#G#,1
EAADDGG,1
EAGCGC,1
D#A#F#C#G#D#B,1
A#FC#G#D#BF,1
D#BGDAD#,1
EBEC#AD,1
C#DD#EFF#,1
ABEDAD,1
GC#AE,1
DADGBE,1
A#F#FC#CA#F,1
A#GFA#GD#,1
G#D#BF#C#B,1
GDADD,1
BAEBAD,1
BF#BF#,1
CA#F#FC#C,1
CG#GCCA,1
F#BD#C#BE,1
D#BGDAD,1
EAFCGD,1
FCGCG#,1
F#C#G#G#,1
A#FCG#D#A#,1
